annotation_lbl,num_distinct_lbls,num_total_lbls,range
CIRCLING_fic_1968_24505.txt-2485-4_circle_fic_1839_8627.txt-1994-11,2,2,1
Circle_fic_2007_52477.txt-270-44_circled_fic_2007_34154.txt-18-29,2,2,1
Circled_fic_1811_8637.txt-163-27_circling_nf_1855_748479.txt-213-16,2,2,1
Circled_fic_1853_7455.txt-317-9_circled_fic_1989_780083.txt-2098-19,2,2,1
Circled_mag_1840_554815.txt-207-38_circle_fic_1839_8627.txt-1994-11,2,2,1
Circled_mag_1840_554815.txt-207-38_circled_fic_1973_10569.txt-2907-9,2,2,1
Circled_mag_1840_554815.txt-207-38_circled_mag_1840_554815.txt-255-35,2,2,1
Circled_mag_1840_554815.txt-207-38_circling_fic_1854_70.txt-2012-8,2,2,1
Circling_fic_1854_7839.txt-1328-0_circling_fic_1849_7230.txt-2441-6,2,2,1
Circling_fic_1961_10405.txt-1211-0_circled_fic_1978_782020.txt-1272-1,2,2,1
Circling_fic_1961_10405.txt-1211-0_circling_nf_1849_749269.txt-626-4,2,2,1
Circling_mag_2002_410849.txt-34-0_circling_fic_1849_7230.txt-2441-6,2,2,1
circle_fic_1833_7028.txt-1089-12_circled_fic_1859_9037.txt-676-26,2,2,1
circle_fic_1833_7028.txt-1089-12_circled_fic_2001_45947.txt-500-29,2,2,1
circle_fic_1833_7028.txt-1089-12_circling_fic_1834_7252.txt-2825-11,2,2,1
circle_fic_1839_8627.txt-1994-11_circled_fic_1989_780083.txt-2098-19,2,2,1
circle_fic_1854_70.txt-2975-7_circling_fic_1964_10451.txt-458-31,2,2,1
circle_fic_1854_70.txt-3413-2_circled_fic_1973_10569.txt-2907-9,2,2,1
circle_fic_1969_10513.txt-1153-10_circle_fic_1839_8627.txt-1994-11,2,2,1
circle_fic_1969_10513.txt-1153-10_circling_fic_1849_7230.txt-2441-6,2,2,1
circle_fic_1986_782032.txt-1834-19_circled_fic_1989_780083.txt-2098-19,2,2,1
circle_fic_1997_54635.txt-208-9_circling_nf_1989_774255.txt-8-51,2,2,1
circle_mag_1961_442022.txt-241-2_circling_nf_1849_749269.txt-626-4,2,2,1
circle_mag_1971_431814.txt-562-30_circled_fic_1989_780083.txt-2098-19,2,2,1
circle_nf_1827_747521.txt-163-33_Circled_mag_1840_554815.txt-207-38,2,2,1
circled_fic_1835_7142.txt-918-31_circling_fic_1964_10451.txt-458-31,2,2,1
circled_fic_1839_7049.txt-872-28_circled_fic_1852_593.txt-1202-17,2,2,1
circled_fic_1840_7164.txt-175-23_circling_fic_1846_7036.txt-2560-11,2,2,1
circled_fic_1842_7206.txt-4043-53_circling_fic_1964_10451.txt-458-31,2,2,1
circled_fic_1848_7186.txt-245-10_circling_fic_1849_7230.txt-2441-6,2,2,1
circled_fic_1853_9040.txt-653-25_circling_fic_1964_10451.txt-458-31,2,2,1
circled_fic_1859_9037.txt-676-26_Circle_fic_2007_52477.txt-270-44,2,2,1
circled_fic_1859_9037.txt-676-26_circled_fic_1973_10569.txt-2907-9,2,2,1
circled_fic_1860_8118.txt-3406-42_Circled_mag_1840_554815.txt-207-38,2,2,1
circled_fic_1967_781996.txt-4609-2_circling_fic_1994_54062.txt-687-3,2,2,1
circled_fic_1970_782000.txt-984-34_circle_fic_1986_782032.txt-1834-19,2,2,1
circled_fic_1980_10663.txt-1009-3_circling_fic_1964_10451.txt-458-31,2,2,1
circled_fic_1985_10729.txt-5570-4_circling_fic_1849_7230.txt-2441-6,2,2,1
circled_fic_1989_780083.txt-2098-19_circling_fic_1854_70.txt-2012-8,2,2,1
circled_fic_1992_53574.txt-214-2_circled_fic_1852_593.txt-1202-17,2,2,1
circled_fic_1999_44469.txt-1382-4_circle_fic_1839_8627.txt-1994-11,2,2,1
circled_fic_2000_32016.txt-215-2_circle_nf_1827_747521.txt-163-33,2,2,1
circled_fic_2000_32016.txt-215-2_circling_fic_1994_54062.txt-687-3,2,2,1
circled_fic_2001_45947.txt-500-29_Circle_fic_2007_52477.txt-270-44,2,2,1
circled_fic_2003_31844.txt-29-3_Circled_fic_1811_8637.txt-163-27,2,2,1
circled_fic_2003_32193.txt-13-5_circled_fic_1989_780083.txt-2098-19,2,2,1
circled_fic_2005_780529.txt-1695-9_circled_fic_1989_780083.txt-2098-19,2,2,1
circled_mag_1823_553451.txt-373-54_circled_fic_1852_593.txt-1202-17,2,2,1
circled_mag_1823_553451.txt-373-54_circling_fic_1827_9759.txt-3987-31,2,2,1
circled_mag_1823_553451.txt-373-54_circling_fic_1831_8376.txt-519-19,2,2,1
circled_mag_1823_553451.txt-373-54_circling_fic_1834_7252.txt-2825-11,2,2,1
circled_mag_1823_553451.txt-373-54_circling_fic_1843_7155.txt-169-45,2,2,1
circled_mag_1823_553451.txt-373-54_circling_nf_1849_749269.txt-626-4,2,2,1
circled_mag_1825_553593.txt-292-7_circling_fic_1849_7230.txt-2441-6,2,2,1
circled_mag_1840_554815.txt-255-35_Circled_mag_1840_554815.txt-207-38,2,2,1
circled_mag_1856_590750.txt-21-18_circling_fic_1994_54062.txt-687-3,2,2,1
circled_mag_1977_431937.txt-45-14_circling_fic_1845_622.txt-13116-3,2,2,1
circled_nf_2005_776573.txt-14-1_circling_mag_1828_553925.txt-186-22,2,2,1
circling_fic_1813_7433.txt-17-51_circling_fic_1994_54062.txt-687-3,2,2,1
circling_fic_1813_7433.txt-17-51_circling_nf_1849_749269.txt-626-4,2,2,1
circling_fic_1827_9759.txt-3987-31_Circle_fic_2007_52477.txt-270-44,2,2,1
circling_fic_1827_9759.txt-3987-31_circled_fic_2001_45947.txt-500-29,2,2,1
circling_fic_1827_9759.txt-3987-31_circling_fic_1834_7252.txt-2825-11,2,2,1
circling_fic_1827_9759.txt-3987-31_circling_nf_1849_749269.txt-626-4,2,2,1
circling_fic_1831_8376.txt-2445-23_circling_fic_1849_7230.txt-2441-6,2,2,1
circling_fic_1831_8376.txt-519-19_Circle_fic_2007_52477.txt-270-44,2,2,1
circling_fic_1831_8376.txt-519-19_circle_fic_1833_7028.txt-1089-12,2,2,1
circling_fic_1831_8376.txt-519-19_circled_fic_2001_45947.txt-500-29,2,2,1
circling_fic_1831_8376.txt-519-19_circling_fic_1834_7252.txt-2825-11,2,2,1
circling_fic_1834_7252.txt-2825-11_Circle_fic_2007_52477.txt-270-44,2,2,1
circling_fic_1834_7252.txt-2825-11_circled_fic_1859_9037.txt-676-26,2,2,1
circling_fic_1834_7252.txt-2825-11_circling_fic_2001_14559.txt-2980-18,2,2,1
circling_fic_1835_7328.txt-1942-40_circling_fic_1964_10451.txt-458-31,2,2,1
circling_fic_1840_7681.txt-235-14_circling_news_1964_724389.txt-48-3,2,2,1
circling_fic_1843_7039.txt-429-5_circle_fic_1969_10513.txt-1153-10,2,2,1
circling_fic_1843_7039.txt-429-5_circling_fic_2001_14559.txt-2980-18,2,2,1
circling_fic_1843_7039.txt-429-5_circling_nf_1849_749269.txt-626-4,2,2,1
circling_fic_1843_7155.txt-169-45_Circle_fic_2007_52477.txt-270-44,2,2,1
circling_fic_1843_7155.txt-169-45_circle_fic_1833_7028.txt-1089-12,2,2,1
circling_fic_1843_7155.txt-169-45_circled_fic_1859_9037.txt-676-26,2,2,1
circling_fic_1843_7155.txt-169-45_circled_fic_2001_45947.txt-500-29,2,2,1
circling_fic_1845_622.txt-13116-3_circle_mag_1971_431814.txt-562-30,2,2,1
circling_fic_1846_7036.txt-2560-11_circling_fic_1986_782032.txt-994-11,2,2,1
circling_fic_1847_7152.txt-1569-4_circled_fic_1859_9037.txt-676-26,2,2,1
circling_fic_1847_7152.txt-1569-4_circled_fic_2001_45947.txt-500-29,2,2,1
circling_fic_1847_7152.txt-1569-4_circling_fic_1831_8376.txt-519-19,2,2,1
circling_fic_1847_7152.txt-1569-4_circling_fic_1834_7252.txt-2825-11,2,2,1
circling_fic_1851_746.txt-7795-15_circled_fic_1978_782020.txt-1272-1,2,2,1
circling_fic_1964_10451.txt-458-31_circle_fic_2007_52345.txt-225-12,2,2,1
circling_fic_1964_10451.txt-458-31_circled_fic_1992_53574.txt-214-2,2,2,1
circling_fic_1965_780079.txt-1535-10_circling_mag_1822_553415.txt-75-11,2,2,1
circling_fic_1984_780041.txt-3391-5_circled_fic_1973_10569.txt-2907-9,2,2,1
circling_fic_1991_13999.txt-1858-6_circling_mag_1822_553415.txt-75-11,2,2,1
circling_fic_1993_1040082.txt-3463-10_circled_fic_1978_782020.txt-1272-1,2,2,1
circling_fic_2001_14559.txt-2980-18_circled_fic_1852_593.txt-1202-17,2,2,1
circling_fic_2001_14559.txt-2980-18_circling_fic_1980_10662.txt-2745-13,2,2,1
circling_fic_2003_48270.txt-66-37_circling_fic_1854_70.txt-2012-8,2,2,1
circling_mag_1973_280788.txt-28-1_circling_fic_1846_7036.txt-2560-11,2,2,1
circling_mag_1985_331161.txt-1-25_circling_nf_1849_749269.txt-626-4,2,2,1
circling_mag_2005_377686.txt-9-27_circling_nf_1849_749269.txt-626-4,2,2,1
circling_mag_2007_388177.txt-3-28_circling_fic_1965_780079.txt-1535-10,2,2,1
circling_news_1964_724389.txt-48-3_circling_fic_1849_7230.txt-2441-6,2,2,1
circling_nf_1849_749269.txt-1710-3_circled_fic_1852_593.txt-1202-17,2,2,1
circling_nf_1849_749269.txt-626-4_circle_fic_1833_7028.txt-1089-12,2,2,1
circling_nf_1849_749269.txt-626-4_circling_fic_1834_7252.txt-2825-11,2,2,1
circling_nf_1855_748479.txt-213-16_circling_fic_1854_70.txt-2012-8,2,2,1
pin_fic_1824_7278.txt-545-57_pin_mag_1978_292549.txt-8-5,2,2,1
pin_fic_1835_7203.txt-1066-20_pinned_fic_1851_746.txt-4622-94,2,2,1
pin_fic_1840_8909.txt-1935-12_pinned_fic_1834_7012.txt-2400-67,2,2,1
pin_fic_1854_2820.txt-324-38_pinning_fic_2005_780528.txt-1288-30,2,2,1
pin_fic_1855_2416.txt-209-5_pin_fic_2007_52173.txt-382-8,2,2,1
pin_fic_1855_2416.txt-209-5_pinned_fic_1835_7309.txt-3622-1,2,2,1
pin_fic_1965_780079.txt-2466-36_pinned_fic_1856_9852.txt-1992-15,2,2,1
pin_fic_1965_780079.txt-2466-36_pinning_fic_1843_7074.txt-1577-47,2,2,1
pin_fic_1965_780079.txt-2466-36_pinning_fic_1845_7183.txt-670-31,2,2,1
pin_fic_1971_780008.txt-1358-26_pinning_fic_1971_782006.txt-2087-5,2,2,1
pin_fic_1973_10568.txt-4151-9_pinned_fic_1982_10690.txt-13596-4,2,2,1
pin_fic_1975_780112.txt-3849-5_pinning_mag_2007_387691.txt-80-36,2,2,1
pin_fic_1994_41224.txt-342-44_pin_fic_1854_2820.txt-324-38,2,2,1
pin_fic_2001_29262.txt-63-3_pinned_fic_1856_9852.txt-1992-15,2,2,1
pin_fic_2001_32481.txt-147-17_pinned_fic_1970_10535.txt-192-2,2,2,1
pin_fic_2007_33460.txt-91-42_pin_fic_2007_52173.txt-382-8,2,2,1
pin_fic_2007_33460.txt-91-42_pin_mag_1999_361704.txt-0-20,2,2,1
pin_fic_2007_33460.txt-91-42_pin_news_1974_731358.txt-31-11,2,2,1
pin_fic_2007_33460.txt-91-42_pin_news_1996_659277.txt-123-8,2,2,1
pin_fic_2009_36725.txt-612-24_pinning_fic_1843_7074.txt-1577-47,2,2,1
pin_fic_2009_36905.txt-225-7_pin_fic_1971_780008.txt-1358-26,2,2,1
pin_mag_1964_244708.txt-26-29_pinning_fic_1845_7183.txt-670-31,2,2,1
pin_mag_1968_478849.txt-47-13_pin_fic_2009_36905.txt-225-7,2,2,1
pin_mag_1968_478849.txt-47-13_pin_mag_1999_361704.txt-0-20,2,2,1
pin_mag_1995_394841.txt-66-9_pinning_fic_1971_782006.txt-2087-5,2,2,1
pin_mag_1999_361704.txt-0-20_pin_fic_2007_52173.txt-382-8,2,2,1
pin_mag_1999_361704.txt-0-20_pinning_fic_1971_782006.txt-2087-5,2,2,1
pin_news_1974_731358.txt-31-11_pinning_fic_1843_7074.txt-1577-47,2,2,1
pin_news_1996_659277.txt-123-8_pinned_fic_1839_7024.txt-2238-13,2,2,1
pin_nf_1824_747448.txt-1808-4_pinned_fic_1984_10714.txt-3436-9,2,2,1
pin_nf_1835_747966.txt-687-17_pinned_fic_1839_7024.txt-2238-13,2,2,1
pin_nf_1974_773897.txt-888-12_pin_fic_1835_7203.txt-1066-20,2,2,1
pinned_fic_1825_7041.txt-1698-26_pinned_mag_1858_506205.txt-390-11,2,2,1
pinned_fic_1825_7041.txt-1698-26_pinning_mag_1967_272727.txt-13-11,2,2,1
pinned_fic_1833_7321.txt-3073-25_pinned_fic_1859_9037.txt-856-13,2,2,1
pinned_fic_1834_7012.txt-2400-67_pinned_fic_1839_7024.txt-2238-13,2,2,1
pinned_fic_1834_7012.txt-2400-67_pinned_fic_1984_10714.txt-3436-9,2,2,1
pinned_fic_1839_7024.txt-2238-13_pinned_fic_1834_7012.txt-2400-67,2,2,1
pinned_fic_1839_7024.txt-2238-13_pinned_fic_1842_7206.txt-3523-6,2,2,1
pinned_fic_1839_7024.txt-2238-13_pinned_fic_1856_1281.txt-4925-41,2,2,1
pinned_fic_1842_7206.txt-3523-6_pinning_fic_1845_7183.txt-670-31,2,2,1
pinned_fic_1843_7208.txt-1264-13_pin_news_1996_659277.txt-123-8,2,2,1
pinned_fic_1843_7208.txt-1264-13_pinned_fic_1853_9040.txt-3367-2,2,2,1
pinned_fic_1843_7208.txt-8564-18_pinning_fic_1843_7074.txt-1577-47,2,2,1
pinned_fic_1843_8760.txt-59-8_pin_fic_1994_41224.txt-342-44,2,2,1
pinned_fic_1843_8760.txt-59-8_pin_mag_1999_361704.txt-0-20,2,2,1
pinned_fic_1843_8760.txt-59-8_pinned_fic_1858_9768.txt-4185-16,2,2,1
pinned_fic_1843_8760.txt-59-8_pinned_fic_1966_1008.txt-2519-23,2,2,1
pinned_fic_1843_8760.txt-59-8_pinned_fic_2005_780525.txt-1247-12,2,2,1
pinned_fic_1843_8760.txt-59-8_pinned_news_1966_725756.txt-24-3,2,2,1
pinned_fic_1845_7183.txt-2079-12_pin_nf_1974_773897.txt-888-12,2,2,1
pinned_fic_1849_7230.txt-1784-23_pin_fic_1975_780112.txt-3849-5,2,2,1
pinned_fic_1851_746.txt-4622-94_pinned_fic_1825_7041.txt-1698-26,2,2,1
pinned_fic_1852_9232.txt-1003-2_pinning_mag_2007_387691.txt-80-36,2,2,1
pinned_fic_1853_2454.txt-536-44_pinning_fic_1843_7074.txt-1577-47,2,2,1
pinned_fic_1853_9040.txt-1710-3_pin_fic_2009_36905.txt-225-7,2,2,1
pinned_fic_1853_9040.txt-3452-19_pinning_fic_1826_314.txt-1912-21,2,2,1
pinned_fic_1854_3384.txt-477-11_pin_fic_2009_36905.txt-225-7,2,2,1
pinned_fic_1854_3384.txt-477-11_pinned_fic_2005_29459.txt-113-10,2,2,1
pinned_fic_1856_1281.txt-4925-41_pin_mag_1995_394841.txt-66-9,2,2,1
pinned_fic_1856_9852.txt-1992-15_pinned_fic_2005_780525.txt-1247-12,2,2,1
pinned_fic_1858_9768.txt-4185-16_pin_fic_1975_780112.txt-3849-5,2,2,1
pinned_fic_1966_1008.txt-2519-23_pin_mag_1999_361704.txt-0-20,2,2,1
pinned_fic_1968_16170.txt-1312-2_pin_fic_2009_36905.txt-225-7,2,2,1
pinned_fic_1976_780157.txt-242-3_pinned_fic_1999_55267.txt-202-8,2,2,1
pinned_fic_1977_16209.txt-884-5_pin_fic_1975_780112.txt-3849-5,2,2,1
pinned_fic_1980_780046.txt-3512-5_pinned_fic_1839_7024.txt-2238-13,2,2,1
pinned_fic_1983_10704.txt-5241-15_pinned_fic_1999_30887.txt-153-10,2,2,1
pinned_fic_1983_10707.txt-5476-10_pin_mag_1996_427618.txt-346-18,2,2,1
pinned_fic_1986_10744.txt-685-8_pinned_fic_1834_7012.txt-2400-67,2,2,1
pinned_fic_1988_780084.txt-1436-18_pinned_fic_1856_9852.txt-1992-15,2,2,1
pinned_fic_1990_53234.txt-384-1_pinning_fic_1843_7074.txt-1577-47,2,2,1
pinned_fic_1993_53812.txt-351-17_pin_mag_1999_361704.txt-0-20,2,2,1
pinned_fic_1994_54047.txt-260-5_pin_fic_2007_52173.txt-382-8,2,2,1
pinned_fic_1994_54047.txt-260-5_pinned_news_1966_725756.txt-24-3,2,2,1
pinned_fic_1999_30887.txt-153-10_pinned_fic_1839_7024.txt-2238-13,2,2,1
pinned_fic_2004_30978.txt-92-15_pin_fic_1994_41224.txt-342-44,2,2,1
pinned_fic_2005_29459.txt-113-10_pin_fic_1854_2820.txt-324-38,2,2,1
pinned_fic_2005_29459.txt-113-10_pinning_fic_1839_7068.txt-360-33,2,2,1
pinned_fic_2005_780525.txt-1247-12_pin_mag_1999_361704.txt-0-20,2,2,1
pinned_fic_2005_780525.txt-1247-12_pinned_fic_1856_9852.txt-1992-15,2,2,1
pinned_fic_2005_780525.txt-1247-12_pinned_fic_1994_54047.txt-260-5,2,2,1
pinned_fic_2005_780525.txt-1247-12_pinned_news_1966_725756.txt-24-3,2,2,1
pinned_mag_1851_503986.txt-215-33_pin_fic_2009_36905.txt-225-7,2,2,1
pinned_mag_1858_506205.txt-390-11_pin_fic_2009_36905.txt-225-7,2,2,1
pinned_mag_1974_490752.txt-41-11_pin_fic_2009_36905.txt-225-7,2,2,1
pinned_news_1974_731603.txt-53-5_pinned_fic_1999_30887.txt-153-10,2,2,1
pinned_news_2001_661932.txt-96-18_pinned_fic_1839_7024.txt-2238-13,2,2,1
pinned_news_2004_640232.txt-93-29_pin_mag_1964_244708.txt-26-29,2,2,1
pinned_nf_1849_748465.txt-436-4_pin_fic_2009_36905.txt-225-7,2,2,1
pinned_nf_1853_771274.txt-2566-41_pinned_fic_1839_7024.txt-2238-13,2,2,1
pinning_fic_1854_3384.txt-4375-46_pinned_fic_1993_53812.txt-351-17,2,2,1
pinning_mag_1832_564242.txt-79-2_pinned_fic_1843_7074.txt-1808-25,2,2,1
pinning_mag_1843_565253.txt-54-6_pinning_fic_1826_314.txt-1912-21,2,2,1
pinning_mag_1967_272727.txt-13-11_pin_news_1974_731358.txt-31-11,2,2,1
pinning_mag_1967_272727.txt-13-11_pinned_fic_1853_9040.txt-3452-19,2,2,1
pinning_news_1981_735110.txt-0-16_pinned_fic_1842_7206.txt-3523-6,2,2,1
Circling_fic_1852_8028.txt-398-39_circled_fic_1989_780083.txt-2098-19,2,2,2
Circling_fic_1984_13602.txt-962-0_circle_fic_1839_8627.txt-1994-11,2,2,2
circle_fic_1978_10636.txt-27091-12_circled_fic_1852_593.txt-1202-17,2,2,2
circle_fic_2007_52345.txt-225-12_circling_fic_1845_622.txt-13434-3,2,2,2
circle_fic_2007_52345.txt-225-12_circling_fic_1964_10451.txt-458-31,2,2,2
circle_mag_1971_431814.txt-562-30_circling_nf_1849_749269.txt-626-4,2,2,2
circled_fic_1835_7142.txt-918-31_circle_nf_1827_747521.txt-163-33,2,2,2
circled_fic_1837_7452.txt-82-4_circling_fic_1849_7230.txt-2441-6,2,2,2
circled_fic_1849_7216.txt-4698-22_circled_fic_1839_7049.txt-872-28,2,2,2
circled_fic_1849_7230.txt-2803-11_circling_fic_1840_7681.txt-235-14,2,2,2
circled_fic_1970_782000.txt-984-34_circling_fic_2001_14559.txt-2980-18,2,2,2
circled_fic_2007_34154.txt-18-29_circled_fic_1967_781996.txt-4609-2,2,2,2
circled_mag_1823_553451.txt-373-54_circled_fic_1859_9037.txt-676-26,2,2,2
circled_mag_1840_554815.txt-255-35_circling_nf_1849_749269.txt-626-4,2,2,2
circled_news_1982_668315.txt-45-12_circle_fic_1839_8627.txt-1994-11,2,2,2
circled_nf_1842_747950.txt-723-15_circled_fic_1961_781980.txt-1331-7,2,2,2
circled_nf_2005_776573.txt-14-1_circled_fic_1840_7164.txt-175-23,2,2,2
circling_fic_1831_8376.txt-725-32_circling_fic_1964_10451.txt-458-31,2,2,2
circling_fic_1833_7059.txt-374-11_circling_nf_1849_749269.txt-626-4,2,2,2
circling_fic_1843_7039.txt-2109-16_circled_fic_1970_782000.txt-984-34,2,2,2
circling_fic_1843_7039.txt-429-5_circled_fic_1860_8118.txt-3406-42,2,2,2
circling_fic_1843_7155.txt-169-45_circled_fic_1967_781996.txt-4609-2,2,2,2
circling_fic_1843_7155.txt-169-45_circled_fic_1989_780083.txt-2098-19,2,2,2
circling_fic_1843_7155.txt-169-45_circling_fic_1834_7252.txt-2825-11,2,2,2
circling_fic_1846_8193.txt-686-26_circling_fic_1965_780079.txt-1535-10,2,2,2
circling_fic_1847_7152.txt-1569-4_circle_fic_1833_7028.txt-1089-12,2,2,2
circling_fic_1847_7152.txt-1569-4_circled_fic_1985_10729.txt-5570-4,2,2,2
circling_fic_1847_7152.txt-1569-4_circled_mag_1823_553451.txt-373-54,2,2,2
circling_fic_1847_7152.txt-1569-4_circling_fic_1849_7230.txt-2441-6,2,2,2
circling_fic_1847_7152.txt-1569-4_circling_nf_1849_749269.txt-626-4,2,2,2
circling_fic_1847_9120.txt-171-38_circling_fic_1986_782032.txt-994-11,2,2,2
circling_fic_1848_7193.txt-1542-39_circling_fic_1849_7230.txt-2441-6,2,2,2
circling_fic_1855_9053.txt-8774-39_circled_fic_1978_782020.txt-1272-1,2,2,2
circling_fic_1964_10451.txt-458-31_circling_fic_1831_8376.txt-725-32,2,2,2
circling_fic_1978_10634.txt-2489-8_circled_fic_1849_7216.txt-6245-4,2,2,2
circling_fic_1999_44748.txt-709-16_circling_fic_2001_14559.txt-2980-18,2,2,2
circling_mag_1822_553415.txt-75-11_circling_fic_1849_7230.txt-2441-6,2,2,2
circling_mag_1824_553520.txt-13-8_circling_mag_1822_553415.txt-75-11,2,2,2
circling_nf_1849_749269.txt-626-4_circled_fic_1852_593.txt-1202-17,2,2,2
circling_nf_1849_749269.txt-626-4_circling_fic_1843_7155.txt-169-45,2,2,2
pin_fic_1840_8909.txt-1935-12_pinned_fic_2004_49050.txt-874-3,2,2,2
pin_fic_2001_32481.txt-147-17_pin_fic_2009_36905.txt-225-7,2,2,2
pin_fic_2008_36140.txt-123-7_pinning_fic_1843_7074.txt-1577-47,2,2,2
pin_mag_1968_478849.txt-47-13_pinned_fic_2005_780525.txt-1247-12,2,2,2
pin_mag_1968_478849.txt-47-13_pinned_news_1966_725756.txt-24-3,2,2,2
pin_mag_1978_292549.txt-8-5_pinned_fic_1999_30887.txt-153-10,2,2,2
pin_mag_1996_427618.txt-346-18_pinning_fic_1971_782006.txt-2087-5,2,2,2
pin_mag_1999_361704.txt-0-20_pinned_news_1966_725756.txt-24-3,2,2,2
pinned_fic_1834_7012.txt-2400-67_pinned_fic_1999_30887.txt-153-10,2,2,2
pinned_fic_1838_7253.txt-1212-24_pinned_fic_1839_7024.txt-2238-13,2,2,2
pinned_fic_1843_7074.txt-3126-6_pin_fic_2007_52173.txt-382-8,2,2,2
pinned_fic_1843_7074.txt-3126-6_pinned_fic_2005_780525.txt-1247-12,2,2,2
pinned_fic_1843_7074.txt-3126-6_pinned_news_1966_725756.txt-24-3,2,2,2
pinned_fic_1854_3384.txt-477-11_pinned_fic_1994_54077.txt-587-7,2,2,2
pinned_fic_1963_10432.txt-3514-3_pin_fic_2007_52173.txt-382-8,2,2,2
pinned_fic_1982_10687.txt-4879-4_pinned_fic_1853_9040.txt-3452-19,2,2,2
pinned_fic_1999_30887.txt-153-10_pin_fic_1975_780112.txt-3849-5,2,2,2
pinned_mag_1858_506205.txt-390-11_pinned_fic_1835_7309.txt-3622-1,2,2,2
pinned_news_2004_640232.txt-93-29_pin_fic_2009_36725.txt-612-24,2,2,2
pinned_nf_1849_747900.txt-1682-31_pinned_fic_2005_780525.txt-1247-12,2,2,2
pinning_fic_1845_7183.txt-670-31_pin_news_1974_731358.txt-31-11,2,2,2
pinning_fic_1971_782006.txt-2087-5_pin_fic_1971_780008.txt-1358-26,2,2,2
pinning_fic_1988_10774.txt-4297-26_pinning_fic_1843_7074.txt-1577-47,2,2,2
Circled_fic_1853_7455.txt-317-9_circle_nf_1827_747521.txt-163-33,2,2,3
circled_fic_1840_7792.txt-716-35_circling_fic_1849_7230.txt-2441-6,2,2,3
circled_fic_1981_10676.txt-3345-11_circled_fic_1970_782000.txt-984-34,2,2,3
circling_fic_1843_7155.txt-169-45_circling_fic_1846_7036.txt-2560-11,2,2,3
circling_fic_1847_9120.txt-171-38_circling_fic_1843_7039.txt-2109-16,2,2,3
pin_fic_2009_36905.txt-225-7_pinned_news_1966_725756.txt-24-3,2,2,3
pinned_fic_1843_8760.txt-59-8_pinned_fic_1843_7074.txt-3126-6,2,2,3
pinned_fic_1843_8760.txt-59-8_pinned_fic_1963_10432.txt-3514-3,2,2,3
pinning_fic_1839_7068.txt-855-30_pin_fic_2009_36905.txt-225-7,2,2,3
pin_fic_1965_780079.txt-2466-36_pin_fic_2008_36140.txt-123-7,2,2,4
Circle_mag_2001_370600.txt-17-23_Circled_mag_1840_554815.txt-207-38,2,3,1
Circled_fic_1853_7455.txt-317-9_circling_nf_1849_749269.txt-626-4,2,3,1
Circling_fic_1854_7839.txt-1328-0_circling_mag_1822_553415.txt-75-11,2,3,1
circle_fic_1854_70.txt-2975-7_circling_nf_1849_749269.txt-626-4,2,3,1
circle_fic_1854_70.txt-3413-2_circling_fic_1849_7230.txt-2441-6,2,3,1
circle_fic_1966_23837.txt-437-2_circling_nf_1849_749269.txt-626-4,2,3,1
circle_fic_1999_30451.txt-2-15_circling_fic_1849_7230.txt-2441-6,2,3,1
circle_mag_2007_387928.txt-57-5_circling_fic_1964_10451.txt-458-31,2,3,1
circled_fic_1839_7049.txt-872-28_circling_fic_1849_7230.txt-2441-6,2,3,1
circled_fic_1846_544.txt-2230-13_circling_nf_1849_749269.txt-626-4,2,3,1
circled_fic_1848_7186.txt-245-10_circled_fic_1978_782020.txt-1272-1,2,3,1
circled_fic_1852_593.txt-1202-17_circling_fic_1849_7230.txt-2441-6,2,3,1
circled_fic_1853_9158.txt-568-37_circling_nf_1849_749269.txt-626-4,2,3,1
circled_fic_1857_2618.txt-256-6_circled_fic_1978_782020.txt-1272-1,2,3,1
circled_fic_1961_781980.txt-1331-7_Circled_mag_1840_554815.txt-207-38,2,3,1
circled_fic_1967_781996.txt-4609-2_circled_fic_2007_34154.txt-18-29,2,3,1
circled_fic_1967_781996.txt-4609-2_circling_mag_1822_553415.txt-75-11,2,3,1
circled_fic_1973_10568.txt-3728-22_circling_nf_1849_749269.txt-626-4,2,3,1
circled_fic_1973_10569.txt-2907-9_circling_fic_1846_7036.txt-2560-11,2,3,1
circled_fic_1978_782020.txt-1272-1_circling_fic_1846_7036.txt-2560-11,2,3,1
circled_fic_1980_782023.txt-2137-4_circling_fic_1849_7230.txt-2441-6,2,3,1
circled_fic_1986_782032.txt-5194-2_circling_fic_2001_14559.txt-2980-18,2,3,1
circled_fic_1990_53210.txt-146-1_circling_nf_1849_749269.txt-626-4,2,3,1
circled_fic_2001_45947.txt-500-29_circling_fic_2001_14559.txt-2980-18,2,3,1
circled_fic_2003_31844.txt-29-3_circled_fic_1989_780083.txt-2098-19,2,3,1
circled_fic_2003_31844.txt-29-3_circling_nf_1849_749269.txt-626-4,2,3,1
circled_fic_2004_31680.txt-17-3_circling_nf_1849_749269.txt-626-4,2,3,1
circled_mag_2000_402876.txt-39-20_circling_fic_1854_70.txt-2012-8,2,3,1
circled_mag_2005_417079.txt-206-17_circled_fic_1978_782020.txt-1272-1,2,3,1
circled_news_1982_668315.txt-45-12_circling_nf_1849_749269.txt-626-4,2,3,1
circling_fic_1827_7169.txt-2139-41_Circled_mag_1840_554815.txt-207-38,2,3,1
circling_fic_1827_9759.txt-3987-31_circling_fic_1849_7230.txt-2441-6,2,3,1
circling_fic_1830_8593.txt-54-39_circling_mag_1822_553415.txt-75-11,2,3,1
circling_fic_1831_8376.txt-519-19_circled_fic_1989_780083.txt-2098-19,2,3,1
circling_fic_1838_7250.txt-2477-27_circling_fic_1849_7230.txt-2441-6,2,3,1
circling_fic_1840_8909.txt-155-63_circled_fic_1967_781996.txt-4609-2,2,3,1
circling_fic_1845_622.txt-13434-3_circling_fic_1849_7230.txt-2441-6,2,3,1
circling_fic_1845_622.txt-13434-3_circling_fic_1965_780079.txt-1535-10,2,3,1
circling_fic_1846_8193.txt-686-26_circling_nf_1849_749269.txt-626-4,2,3,1
circling_fic_1849_8065.txt-54-17_circling_nf_1849_749269.txt-626-4,2,3,1
circling_fic_1854_8328.txt-1757-74_circling_nf_1849_749269.txt-626-4,2,3,1
circling_fic_1960_10398.txt-5951-5_circling_nf_1849_749269.txt-626-4,2,3,1
circling_fic_1965_780079.txt-1535-10_circling_fic_1849_7230.txt-2441-6,2,3,1
circling_fic_1980_10662.txt-2745-13_circling_fic_1965_780079.txt-1535-10,2,3,1
circling_fic_1993_1040082.txt-3463-10_circling_nf_1849_749269.txt-626-4,2,3,1
circling_fic_1996_54333.txt-437-11_circling_fic_1849_7230.txt-2441-6,2,3,1
circling_fic_2000_28684.txt-238-10_circling_fic_2001_14559.txt-2980-18,2,3,1
circling_fic_2003_31844.txt-22-13_circled_fic_1978_782020.txt-1272-1,2,3,1
circling_mag_2007_388177.txt-3-28_circling_fic_1849_7230.txt-2441-6,2,3,1
circling_nf_1989_774255.txt-8-51_circling_nf_1849_749269.txt-626-4,2,3,1
pin_fic_1856_2749.txt-267-19_pinned_fic_1970_10536.txt-1861-17,2,3,1
pin_fic_1975_780112.txt-3849-5_pinned_fic_1858_9768.txt-4185-16,2,3,1
pin_fic_1975_780112.txt-3849-5_pinning_fic_1971_782006.txt-2087-5,2,3,1
pin_mag_1820_553238.txt-14-9_pinned_fic_1982_10690.txt-13596-4,2,3,1
pin_mag_1964_244708.txt-26-29_pinned_nf_1849_748465.txt-436-4,2,3,1
pin_mag_1968_478849.txt-47-13_pin_mag_1996_427618.txt-346-18,2,3,1
pin_mag_1968_478849.txt-47-13_pinned_fic_1999_30887.txt-153-10,2,3,1
pin_nf_1974_773897.txt-888-12_pinned_fic_1854_3384.txt-477-11,2,3,1
pin_nf_1974_773897.txt-888-12_pinned_fic_1989_782038.txt-5226-2,2,3,1
pinned_fic_1825_7041.txt-3273-8_pinned_fic_1980_780046.txt-3512-5,2,3,1
pinned_fic_1825_7041.txt-3273-8_pinned_fic_1999_30887.txt-153-10,2,3,1
pinned_fic_1835_7309.txt-3622-1_pinned_nf_1836_749613.txt-1827-7,2,3,1
pinned_fic_1841_7000.txt-1765-18_pinned_fic_1999_30887.txt-153-10,2,3,1
pinned_fic_1859_2764.txt-153-7_pinned_nf_1849_748465.txt-436-4,2,3,1
pinned_fic_1859_9037.txt-856-13_pin_fic_1975_780112.txt-3849-5,2,3,1
pinned_fic_1970_10523.txt-941-6_pin_fic_1975_780112.txt-3849-5,2,3,1
pinned_fic_1993_53812.txt-351-17_pin_fic_1975_780112.txt-3849-5,2,3,1
pinned_fic_1996_54473.txt-315-41_pinned_nf_1849_748465.txt-436-4,2,3,1
pinned_mag_1999_402756.txt-47-15_pinned_fic_1970_10536.txt-1861-17,2,3,1
pinned_nf_1829_748045.txt-1520-16_pin_mag_1996_427618.txt-346-18,2,3,1
pinned_nf_1838_747585.txt-1329-8_pinned_nf_1849_748465.txt-436-4,2,3,1
pinned_nf_1849_747900.txt-1682-31_pin_fic_1975_780112.txt-3849-5,2,3,1
pinning_fic_1830_8912.txt-1018-26_pinned_fic_1834_7012.txt-2400-67,2,3,1
pinning_fic_1839_7068.txt-360-33_pinning_fic_1843_7074.txt-1577-47,2,3,1
pinning_fic_1993_25002.txt-864-10_pinning_fic_1971_782006.txt-2087-5,2,3,1
pinning_mag_2007_387691.txt-80-36_pin_fic_1975_780112.txt-3849-5,2,3,1
Circle_fic_2007_52477.txt-270-44_circling_fic_1994_54062.txt-687-3,2,3,2
Circled_fic_1837_8325.txt-1223-14_circling_fic_2001_14559.txt-2980-18,2,3,2
circle_fic_1995_39364.txt-52-12_circling_nf_1849_749269.txt-626-4,2,3,2
circle_nf_1827_747521.txt-163-33_circle_fic_1839_8627.txt-1994-11,2,3,2
circle_nf_1827_747521.txt-163-33_circling_fic_1849_7230.txt-2441-6,2,3,2
circle_nf_2001_776374.txt-73-15_circling_fic_1964_10451.txt-458-31,2,3,2
circled_fic_1833_7059.txt-360-2_circled_fic_1852_593.txt-1202-17,2,3,2
circled_fic_1971_10547.txt-3199-2_circling_fic_1849_7230.txt-2441-6,2,3,2
circling_fic_1827_7169.txt-2139-41_circling_fic_1849_7230.txt-2441-6,2,3,2
circling_fic_1833_7059.txt-374-11_circled_fic_1978_782020.txt-1272-1,2,3,2
circling_fic_1839_7477.txt-7460-19_circling_nf_1849_749269.txt-626-4,2,3,2
circling_fic_1849_2605.txt-1633-35_circling_nf_1849_749269.txt-626-4,2,3,2
circling_fic_1960_10398.txt-5951-5_circled_fic_1973_10569.txt-2907-9,2,3,2
circling_fic_1996_42004.txt-118-1_circling_fic_1849_7230.txt-2441-6,2,3,2
pin_nf_1974_773897.txt-888-12_pin_mag_1995_394841.txt-66-9,2,3,2
pinned_fic_1853_2486.txt-329-30_pinned_fic_1834_7012.txt-2400-67,2,3,2
pinned_fic_1860_3347.txt-635-49_pinned_fic_1856_9852.txt-1992-15,2,3,2
pinned_fic_1963_10432.txt-3514-3_pin_mag_1996_427618.txt-346-18,2,3,2
pinned_fic_1982_10690.txt-13596-4_pinning_fic_1971_782006.txt-2087-5,2,3,2
pinned_fic_1999_30887.txt-153-10_pinned_fic_1970_10536.txt-1861-17,2,3,2
pinned_fic_2004_29550.txt-193-10_pin_fic_1975_780112.txt-3849-5,2,3,2
pinned_fic_2004_30978.txt-92-15_pinning_fic_1843_7074.txt-1577-47,2,3,2
pinned_mag_1995_414325.txt-34-11_pinned_nf_1849_748465.txt-436-4,2,3,2
pinned_nf_1836_749613.txt-1827-7_pinned_fic_1984_10714.txt-3436-9,2,3,2
pinned_nf_1972_774260.txt-1782-13_pinned_mag_1858_506205.txt-390-11,2,3,2
pinning_mag_1843_565253.txt-54-6_pin_fic_1987_10752.txt-1623-6,2,3,2
pinned_fic_1989_782038.txt-5226-2_pin_fic_2009_36905.txt-225-7,2,3,3
circling_news_1963_722897.txt-12-49_circling_fic_2001_14559.txt-2980-18,2,4,1
circling_news_1963_722897.txt-12-49_circling_nf_1849_749269.txt-626-4,2,4,1
pinned_fic_1845_7183.txt-2079-12_pinned_fic_1842_7206.txt-3523-6,2,4,1
Circled_fic_1837_8687.txt-961-1_circling_fic_1849_7230.txt-2441-6,2,4,2
circled_fic_1851_746.txt-7466-23_circling_fic_1849_7230.txt-2441-6,2,4,2
circled_fic_1993_1040095.txt-1060-4_circling_fic_1986_782032.txt-994-11,2,4,2
circling_fic_2003_31844.txt-22-13_circling_fic_1849_7230.txt-2441-6,2,4,2
pinned_fic_1999_30887.txt-153-10_pinned_fic_1834_7012.txt-2400-67,2,4,2
pinned_news_1966_725756.txt-24-3_pinned_fic_1984_10714.txt-3436-9,2,4,2
circled_fic_1973_10569.txt-2907-9_circling_nf_1849_749269.txt-626-4,2,5,1
circled_fic_1978_782020.txt-1272-1_Circled_mag_1840_554815.txt-207-38,2,5,1
circling_fic_1964_10451.txt-458-31_circling_nf_1849_749269.txt-626-4,2,5,1
pinned_fic_1834_7012.txt-2400-67_pin_fic_1975_780112.txt-3849-5,2,7,1
Circle_fic_2007_52477.txt-270-44_circled_fic_1961_781980.txt-1331-7,3,3,2
Circle_fic_2007_52477.txt-270-44_circling_nf_1849_749269.txt-626-4,3,3,2
Circle_nf_2006_775510.txt-112-0_circling_fic_1964_10451.txt-458-31,3,3,2
Circled_fic_1837_8687.txt-961-1_circling_fic_2001_14559.txt-2980-18,3,3,2
Pinning_mag_1970_282090.txt-31-0_pinning_mag_1843_565253.txt-54-6,3,3,2
circle_fic_1833_7028.txt-1089-12_Circle_fic_2007_52477.txt-270-44,3,3,2
circle_fic_1837_7452.txt-776-8_circling_fic_1986_782032.txt-994-11,3,3,2
circle_fic_1839_8627.txt-1994-11_Circled_mag_1840_554815.txt-207-38,3,3,2
circle_fic_1860_9791.txt-2402-46_circle_fic_1839_8627.txt-1994-11,3,3,2
circled_fic_1832_7054.txt-378-54_circling_nf_1849_749269.txt-626-4,3,3,2
circled_fic_1837_7452.txt-82-4_circling_fic_1986_782032.txt-994-11,3,3,2
circled_fic_1849_7216.txt-4698-22_circled_fic_1973_10569.txt-2907-9,3,3,2
circled_fic_1849_7216.txt-6245-4_circling_nf_1849_749269.txt-626-4,3,3,2
circled_fic_1980_782023.txt-2137-4_circling_fic_1994_54062.txt-687-3,3,3,2
circled_fic_1989_780083.txt-2098-19_Circled_mag_1840_554815.txt-207-38,3,3,2
circled_news_1962_722823.txt-13-1_circling_fic_1849_7230.txt-2441-6,3,3,2
circling_fic_1835_7017.txt-1328-8_circling_nf_1849_749269.txt-626-4,3,3,2
circling_fic_1837_7452.txt-143-40_circling_fic_1849_7230.txt-2441-6,3,3,2
circling_fic_1854_7764.txt-121-16_circling_fic_1849_7230.txt-2441-6,3,3,2
circling_fic_1978_10634.txt-2489-8_circling_mag_1822_553415.txt-75-11,3,3,2
circling_fic_1994_54062.txt-687-3_Circled_mag_1840_554815.txt-207-38,3,3,2
circling_fic_1994_54062.txt-687-3_circling_fic_1964_10451.txt-458-31,3,3,2
pinned_fic_1843_7208.txt-1264-13_pinned_fic_1984_10714.txt-3436-9,3,3,2
pinned_fic_1848_7005.txt-993-23_pinned_fic_1970_10536.txt-1861-17,3,3,2
pinned_fic_1860_9791.txt-1411-15_pin_nf_1974_773897.txt-888-12,3,3,2
pinning_mag_1967_272727.txt-13-11_pin_mag_1996_427618.txt-346-18,3,3,2
Circled_mag_1840_554815.txt-207-38_circling_fic_1843_7155.txt-169-45,3,3,3
circled_mag_1977_431937.txt-45-14_circling_fic_1849_7230.txt-2441-6,3,3,3
pin_fic_1835_7203.txt-1066-20_pinned_fic_1970_10536.txt-1861-17,3,3,3
pin_fic_2007_52173.txt-382-8_pinned_news_1966_725756.txt-24-3,3,3,3
pinned_fic_1977_780095.txt-3445-29_pin_fic_2009_36905.txt-225-7,3,3,3
pinned_fic_1994_54047.txt-260-5_pinned_fic_1982_10690.txt-13596-4,3,3,3
pinning_fic_1988_10774.txt-4297-26_pin_mag_1996_427618.txt-346-18,3,3,3
circled_mag_1823_553451.txt-373-54_Circled_mag_1840_554815.txt-207-38,3,3,4
pin_fic_2007_52173.txt-382-8_pinned_fic_1999_30887.txt-153-10,3,3,4
circle_fic_1997_54635.txt-208-9_circling_fic_1849_7230.txt-2441-6,3,4,2
circle_fic_2007_52345.txt-225-12_circling_nf_1849_749269.txt-626-4,3,4,2
circled_fic_1849_7216.txt-6245-4_Circled_mag_1840_554815.txt-207-38,3,4,2
circled_fic_1985_10729.txt-5570-4_circling_mag_1822_553415.txt-75-11,3,4,2
circled_fic_1993_1040095.txt-1060-4_circling_fic_1831_8376.txt-2445-23,3,4,2
circled_fic_2006_30107.txt-147-17_circling_fic_1849_7230.txt-2441-6,3,4,2
circled_mag_2005_417079.txt-206-17_circling_fic_1849_7230.txt-2441-6,3,4,2
circling_fic_1838_7250.txt-2477-27_Circled_mag_1840_554815.txt-207-38,3,4,2
circling_mag_1824_553520.txt-13-8_circling_fic_1849_7230.txt-2441-6,3,4,2
circling_mag_1828_553925.txt-186-22_circled_fic_1978_782020.txt-1272-1,3,4,2
pinned_fic_1854_9230.txt-667-37_pinned_fic_1859_9037.txt-856-13,3,4,2
pinned_fic_1970_10535.txt-192-2_pin_mag_1996_427618.txt-346-18,3,4,2
pinning_fic_1822_7275.txt-189-74_pin_mag_1996_427618.txt-346-18,3,4,2
pinning_mag_2007_387691.txt-80-36_pin_mag_1996_427618.txt-346-18,3,4,2
circling_fic_1845_622.txt-13116-3_circling_nf_1849_749269.txt-626-4,3,5,2
pinning_mag_2007_387691.txt-80-36_pin_mag_1968_478849.txt-47-13,3,5,2
pinning_fic_1843_7074.txt-1577-47_pinned_fic_1834_7012.txt-2400-67,3,6,2
circle_mag_1992_409433.txt-83-9_circling_fic_1849_7230.txt-2441-6,4,4,3
circling_fic_1989_10789.txt-1071-11_circling_fic_1849_7230.txt-2441-6,4,5,3
circled_mag_1856_590750.txt-21-18_circling_fic_1849_7230.txt-2441-6,4,6,3
